circle,division,subdivision,section,area,catdesc,catcode,totservices,billdservices,units,load
BANJARA HILLS,BANJARA HILLS,JUBILEE HILLS,JUBILEE HILLS,GRC HIGH VALUES,EV CHARGING STATIONS,9,1,1.0,4.0,15.0
BANJARA HILLS,BANJARA HILLS,JUBILEE HILLS,JUBILEE HILLS,HIGHVALUE,EV CHARGING STATIONS,9,1,1.0,3221.0,50.0
BANJARA HILLS,BANJARA HILLS,JUBILEE HILLS,MADHAPUR,"JENCLAVE, GAFOOR,VITTAL NAGAR",EV CHARGING STATIONS,9,1,1.0,701.0,20.0
BANJARA HILLS,GREEN LANDS,GREENLANDS,BEGUMPET,GRC. SHYAMLAL,EV CHARGING STATIONS,9,1,1.0,110.0,22.0
BANJARA HILLS,GREEN LANDS,GREENLANDS,GREENLANDS,GRC HV GREENLANDS,EV CHARGING STATIONS,9,1,,0.0,10.0
BANJARA HILLS,BANJARA HILLS,AMEERPET,YOUSUFGUDA,PRAGATHINAGAR-1,EV CHARGING STATIONS,9,1,1.0,204.0,8.0
CYBERCITY,KONDAPUR,KONDAPUR,ALLAPUR,SOCIETY HV2,EV CHARGING STATIONS,9,1,1.0,306.0,15.0
CYBERCITY,KONDAPUR,KONDAPUR,KONDAPUR,"JVG HILLS,CENTRAL PARK",EV CHARGING STATIONS,9,1,,0.0,5.0
CYBERCITY,GACHIBOWLI,CHANDA NAGAR,CHANDA NAGAR,MADINAGUDA HV,EV CHARGING STATIONS,9,1,1.0,266.0,22.0
HABSIGUDA,KEESARA,KEESARA,NAGARAM,NAGARAM,EV CHARGING STATIONS,9,1,1.0,32.0,15.0
HABSIGUDA,KEESARA,GHATKESAR,GHATKESAR,GHATKESAR,EV CHARGING STATIONS,9,1,1.0,21.0,30.0
HABSIGUDA,SAINIKPURI,A S RAO NAGAR,A S RAO NAGAR,MOULA - ALI (HV),EV CHARGING STATIONS,9,1,1.0,133.0,22.0
HABSIGUDA,HABSIGUDA,HABSIGUDA,NACHARAM,NACHARAM,EV CHARGING STATIONS,9,1,1.0,6.0,15.0
HYDERABAD CENTRAL,AZAMABAD,AMBERPET,GOLNAKA,MARUTHI NAGAR,EV CHARGING STATIONS,9,1,1.0,1404.0,5.0
HYDERABAD CENTRAL,SAIFABAD,SAIFABAD,SOMAJIGUDA,30-NO AREA,EV CHARGING STATIONS,9,1,1.0,172.0,22.0
HYDERABAD CENTRAL,AZAMABAD,BARKATPURA,SHANKARMUTT,GRC HV SHANKARMUTT,EV CHARGING STATIONS,9,1,1.0,16.0,15.0
HYDERABAD SOUTH,BEGUM BAZAR,BEGUM BAZAR,CHUDI BAZAR,GRCHV CHUDIBAZAR,EV CHARGING STATIONS,9,1,1.0,81.0,22.0
MEDCHAL,MEDCHAL,QUTBULLAPUR,KOMPALLY,KOMPALLY HV,EV CHARGING STATIONS,9,1,1.0,964.0,22.0
MEDCHAL,MEDCHAL,SHAMEERPET,SHAMEERPET,THUMUKUNTA,EV CHARGING STATIONS,9,1,1.0,134.0,30.0
MEDCHAL,KUKATPALLY,MIYAPUR,BACHUPALLY,CT&HV,EV CHARGING STATIONS,9,1,1.0,20.0,22.0
MEDCHAL,KUKATPALLY,MIYAPUR,HYDERNAGAR,HYDERNAGAR CT METERS,EV CHARGING STATIONS,9,2,2.0,357.0,33.0
MEDCHAL,KUKATPALLY,MIYAPUR,HYDERNAGAR,MAYURI NAGAR,EV CHARGING STATIONS,9,1,,0.0,2.0
MEDCHAL,KUKATPALLY,MIYAPUR,MIYAPUR,MYP CT,EV CHARGING STATIONS,9,1,1.0,318.0,20.0
NALGONDA,NALGONDA,NALGONDA RURAL,NARKETPALLY,NARKETPALLY TOWN1,EV CHARGING STATIONS,9,1,1.0,0.0,18.0
NALGONDA,NALGONDA,NAKREKAL,KATTANGUR,PAMANGUNDLA,EV CHARGING STATIONS,9,1,1.0,13.0,18.0
RAJENDRA NAGAR,KANDUKUR,MAMIDIPALLY,MAHESHWARAM,IMAMGUDA,EV CHARGING STATIONS,9,1,1.0,14.0,15.0
RAJENDRA NAGAR,KANDUKUR,MAMIDIPALLY,PAHADISHARIFF,SHAHEEN NAGAR II,EV CHARGING STATIONS,9,1,1.0,4.0,15.0
RAJENDRA NAGAR,RAJENDRA NAGAR,GAGANPAHAD,GAGANPAHAD,GAGANPAHAD,EV CHARGING STATIONS,9,1,1.0,114.0,22.0
RAJENDRA NAGAR,RAJENDRA NAGAR,GAGANPAHAD,MD PALLY,URRAM GADDA,EV CHARGING STATIONS,9,1,1.0,1679.0,5.0
SANGAREDDY,SANGAREDDY,ISNAPUR,ISNAPUR,RUDRARAM,EV CHARGING STATIONS,9,1,1.0,24.0,22.0
SAROORNAGAR,SAROORNAGAR,HAYATHNAGAR,AUTONAGAR,MALLIKARJUNA NAGAR,EV CHARGING STATIONS,9,1,1.0,3461.0,10.0
SAROORNAGAR,SAROORNAGAR,L B NAGAR,L.B.NAGAR,DHANAPUR & JANAPRIYA COLONY,EV CHARGING STATIONS,9,1,1.0,2439.0,13.0
SAROORNAGAR,SAROORNAGAR,HAYATHNAGAR,AUTONAGAR,SRINIVASA NAGAR,EV CHARGING STATIONS,9,1,1.0,257.0,5.0
SAROORNAGAR,SAROORNAGAR,L B NAGAR,L.B.NAGAR,KRISHNA NAGAR-,EV CHARGING STATIONS,9,1,1.0,53.0,7.0
SAROORNAGAR,SAROORNAGAR,HAYATHNAGAR,PEDDA AMBERPET,SAI COLONY,EV CHARGING STATIONS,9,1,1.0,49.0,22.0
SAROORNAGAR,CHAMPAPET,CHAMPAPET,CHAMPAPET,HV CPT SOUTH,EV CHARGING STATIONS,9,1,1.0,72.0,22.0
SAROORNAGAR,CHAMPAPET,VANASTHALIPURAM,BN REDDY NAGAR,HASTINAPURAM CENTR,EV CHARGING STATIONS,9,1,1.0,0.0,22.0
SAROORNAGAR,IBRAHIMPATNAM,TURKAYAMJAL,TURKAYAMZAL,NADELGUL,EV CHARGING STATIONS,9,1,1.0,66.0,30.0
SECUNDERABAD,BOWENPALLY,RR NAGAR,I.D.P.L.,PRASHANTH NAGAR CLY (GRP-B),EV CHARGING STATIONS,9,1,,0.0,2.0
SECUNDERABAD,SECUNDERABAD,LALBAZAR,BOLLARUM,GRC HIGH VALUE (GRP-M),EV CHARGING STATIONS,9,1,1.0,1072.0,10.0
SECUNDERABAD,PARADISE,JAMES STREET,PARADISE,GRC HIGH VALUE,EV CHARGING STATIONS,9,1,1.0,20.0,10.0
SURYAPET,HUZURNAGAR,KODAD,KODAD - RURAL,DORAKUNTA,EV CHARGING STATIONS,9,1,1.0,21.0,18.0
SURYAPET,SURYAPET,SURYAPET,SURYAPET TOWN-II,LI 2,EV CHARGING STATIONS,9,1,1.0,133.0,15.0
SURYAPET,SURYAPET,SURYAPET,SURYAPET RURAL,PILLALAMARRY,EV CHARGING STATIONS,9,1,1.0,93.0,18.0
SURYAPET,SURYAPET,SURYAPET,SURYAPET TOWN-I,LI B,EV CHARGING STATIONS,9,1,1.0,62.0,15.0
YADADRI,CHOUTUPPAL,CHOUTUPPAL,CHOUTUPPAL,LINGOJI GUDEM,EV CHARGING STATIONS,9,1,1.0,244.0,40.0
